epoch,train_loss,val_loss,learning_rate
1,2.3759599886313527,1.9754888623188704,0.001
2,2.124464198245071,1.867717557381361,0.001
3,2.079862461340553,1.8283050139745076,0.001
4,2.0592535237669773,1.8046692136006477,0.001
5,2.047126001641984,1.7897587589728527,0.001
