epoch,train_loss,val_loss,learning_rate
1,2.304367530083881,1.9203406159164664,0.001
2,2.0811738023205275,1.8273560633555304,0.001
3,2.039683987387854,1.7877634195981498,0.001
