epoch,train_loss,val_loss
1,2.786644369363785,2.4540348052978516
2,2.3857419788837433,2.2449747800827025
3,2.245164084434509,2.1258848190307615
4,2.148075047135353,2.0563984990119932
5,2.080906477570534,1.9926378011703492
6,2.029937410354614,1.9495470762252807
7,1.9753032565116881,1.8943523645401001
8,1.9316253393888474,1.8700636625289917
9,1.8812082171440125,1.824415922164917
10,1.8437352776527405,1.817579174041748
