epoch,train_loss,val_loss,learning_rate
1,2.3299846062481895,1.9945514280162513,0.001
2,2.1792565995272724,1.9309953420550894,0.001
3,2.1526094466116032,1.9050404381231716,0.001
