epoch,train_loss,val_loss
1,3.7788093619876437,3.2251776456832886
2,3.2301646338568792,2.9252020120620728
3,2.958425521850586,2.6970977783203125
4,2.744512293073866,2.448132276535034
5,2.587778912650214,2.2827423810958862
6,2.4697427219814725,2.1767451763153076
7,2.3647943337758384,2.014456033706665
8,2.250106546613905,1.9155884981155396
9,2.178964720831977,1.7849158644676208
10,2.090268095334371,1.6867820620536804
