epoch,train_loss,val_loss,learning_rate
1,2.2929594066188637,1.911685884534471,0.001
2,2.099146057972049,1.8391512569628263,0.001
3,2.0667428397090988,1.8104403043435995,0.001
