epoch,train_loss,val_loss,learning_rate
1,2.5433196606991326,2.461084257194411,0.001
2,2.475252149549512,2.4238525397970374,0.001
3,2.4562434206136867,2.404667172107525,0.001
